observation_date,LFWA64TTCAM647S
1976-01-01,15015900.000000000
1976-02-01,15049000.000000000
1976-03-01,15081200.000000000
1976-04-01,15113400.000000000
1976-05-01,15145500.000000000
1976-06-01,15177600.000000000
1976-07-01,15209800.000000000
1976-08-01,15242200.000000000
1976-09-01,15267000.000000000
1976-10-01,15291100.000000000
1976-11-01,15314400.000000000
1976-12-01,15336500.000000000
1977-01-01,15364100.000000000
1977-02-01,15390900.000000000
1977-03-01,15413000.000000000
1977-04-01,15438100.000000000
1977-05-01,15468100.000000000
1977-06-01,15491100.000000000
1977-07-01,15514200.000000000
1977-08-01,15543300.000000000
1977-09-01,15566700.000000000
1977-10-01,15588700.000000000
1977-11-01,15611000.000000000
1977-12-01,15631900.000000000
1978-01-01,15658500.000000000
1978-02-01,15684600.000000000
1978-03-01,15705600.000000000
1978-04-01,15728400.000000000
1978-05-01,15757000.000000000
1978-06-01,15778100.000000000
1978-07-01,15797800.000000000
1978-08-01,15823400.000000000
1978-09-01,15844100.000000000
1978-10-01,15864900.000000000
1978-11-01,15885400.000000000
1978-12-01,15905300.000000000
1979-01-01,15930400.000000000
1979-02-01,15955100.000000000
1979-03-01,15975400.000000000
1979-04-01,16001900.000000000
1979-05-01,16022900.000000000
1979-06-01,16044700.000000000
1979-07-01,16070600.000000000
1979-08-01,16092800.000000000
1979-09-01,16115300.000000000
1979-10-01,16145000.000000000
1979-11-01,16168900.000000000
1979-12-01,16192500.000000000
1980-01-01,16220400.000000000
1980-02-01,16244000.000000000
1980-03-01,16266800.000000000
1980-04-01,16294600.000000000
1980-05-01,16318600.000000000
1980-06-01,16349100.000000000
1980-07-01,16370700.000000000
1980-08-01,16392900.000000002
1980-09-01,16420900.000000002
1980-10-01,16442900.000000002
1980-11-01,16464000.000000000
1980-12-01,16484400.000000002
1981-01-01,16508700.000000000
1981-02-01,16532099.999999998
1981-03-01,16551800.000000000
1981-04-01,16571700.000000000
1981-05-01,16592099.999999998
1981-06-01,16616900.000000002
1981-07-01,16635000.000000000
1981-08-01,16653400.000000002
1981-09-01,16675400.000000002
1981-10-01,16694099.999999998
1981-11-01,16712200.000000000
1981-12-01,16730300.000000000
1982-01-01,16751800.000000000
1982-02-01,16772099.999999998
1982-03-01,16789900.000000000
1982-04-01,16807700.000000000
1982-05-01,16826000.000000000
1982-06-01,16848300.000000000
1982-07-01,16864000.000000000
1982-08-01,16884200.000000000
1982-09-01,16900000.000000000
1982-10-01,16916200.000000000
1982-11-01,16932200.000000000
1982-12-01,16947700.000000000
1983-01-01,16966000.000000000
1983-02-01,16984200.000000000
1983-03-01,16998800.000000000
1983-04-01,17014000.000000000
1983-05-01,17032800.000000000
1983-06-01,17047000.000000000
1983-07-01,17059900.000000000
1983-08-01,17076800.000000000
1983-09-01,17090800.000000000
1983-10-01,17105200.000000000
1983-11-01,17120000.000000000
1983-12-01,17134600.000000000
1984-01-01,17151300.000000000
1984-02-01,17168500.000000000
1984-03-01,17182300.000000000
1984-04-01,17199500.000000000
1984-05-01,17214300.000000000
1984-06-01,17228900.000000000
1984-07-01,17244900.000000000
1984-08-01,17257900.000000000
1984-09-01,17271000.000000000
1984-10-01,17287200.000000000
1984-11-01,17300100.000000000
1984-12-01,17312200.000000000
1985-01-01,17326500.000000000
1985-02-01,17338600.000000000
1985-03-01,17350900.000000000
1985-04-01,17366400.000000000
1985-05-01,17379800.000000000
1985-06-01,17393100.000000000
1985-07-01,17408500.000000000
1985-08-01,17421800.000000000
1985-09-01,17439000.000000000
1985-10-01,17452900.000000000
1985-11-01,17467100.000000000
1985-12-01,17479800.000000000
1986-01-01,17496000.000000000
1986-02-01,17508600.000000000
1986-03-01,17521700.000000000
1986-04-01,17538500.000000000
1986-05-01,17552700.000000000
1986-06-01,17569700.000000000
1986-07-01,17581000.000000000
1986-08-01,17591500.000000000
1986-09-01,17604400.000000000
1986-10-01,17615300.000000000
1986-11-01,17626100.000000000
1986-12-01,17637700.000000000
1987-01-01,17651400.000000000
1987-02-01,17666100.000000000
1987-03-01,17679100.000000000
1987-04-01,17692800.000000000
1987-05-01,17707000.000000000
1987-06-01,17725400.000000000
1987-07-01,17739800.000000000
1987-08-01,17753800.000000000
1987-09-01,17771500.000000000
1987-10-01,17785000.000000000
1987-11-01,17798600.000000000
1987-12-01,17811000.000000000
1988-01-01,17826000.000000000
1988-02-01,17840800.000000000
1988-03-01,17854500.000000000
1988-04-01,17869400.000000000
1988-05-01,17888600.000000000
1988-06-01,17904000.000000000
1988-07-01,17919300.000000000
1988-08-01,17938600.000000000
1988-09-01,17953200.000000000
1988-10-01,17967100.000000000
1988-11-01,17980900.000000000
1988-12-01,17994300.000000000
1989-01-01,18013500.000000000
1989-02-01,18027700.000000000
1989-03-01,18043300.000000000
1989-04-01,18059600.000000000
1989-05-01,18081200.000000000
1989-06-01,18098500.000000000
1989-07-01,18116100.000000000
1989-08-01,18137700.000000000
1989-09-01,18154700.000000000
1989-10-01,18175600.000000000
1989-11-01,18192000.000000000
1989-12-01,18208100.000000000
1990-01-01,18226600.000000000
1990-02-01,18242200.000000000
1990-03-01,18259400.000000000
1990-04-01,18283800.000000000
1990-05-01,18303800.000000000
1990-06-01,18323900.000000000
1990-07-01,18349600.000000000
1990-08-01,18369000.000000000
1990-09-01,18386200.000000000
1990-10-01,18406400.000000000
1990-11-01,18423700.000000000
1990-12-01,18439800.000000000
1991-01-01,18459200.000000000
1991-02-01,18475800.000000000
1991-03-01,18493900.000000000
1991-04-01,18516300.000000000
1991-05-01,18534900.000000000
1991-06-01,18552900.000000000
1991-07-01,18570600.000000000
1991-08-01,18582100.000000000
1991-09-01,18599100.000000000
1991-10-01,18612700.000000000
1991-11-01,18631300.000000000
1991-12-01,18652200.000000000
1992-01-01,18673000.000000000
1992-02-01,18686600.000000000
1992-03-01,18709700.000000000
1992-04-01,18727500.000000000
1992-05-01,18746200.000000000
1992-06-01,18768200.000000000
1992-07-01,18784900.000000000
1992-08-01,18801100.000000000
1992-09-01,18820400.000000000
1992-10-01,18835500.000000000
1992-11-01,18849600.000000000
1992-12-01,18864100.000000000
1993-01-01,18880800.000000000
1993-02-01,18896600.000000000
1993-03-01,18913500.000000000
1993-04-01,18929400.000000000
1993-05-01,18945000.000000000
1993-06-01,18966900.000000000
1993-07-01,18983100.000000000
1993-08-01,19002500.000000000
1993-09-01,19018600.000000000
1993-10-01,19033800.000000000
1993-11-01,19047300.000000000
1993-12-01,19062000.000000000
1994-01-01,19078300.000000000
1994-02-01,19096800.000000000
1994-03-01,19114900.000000000
1994-04-01,19133300.000000000
1994-05-01,19156500.000000000
1994-06-01,19174500.000000000
1994-07-01,19193200.000000000
1994-08-01,19215600.000000000
1994-09-01,19232000.000000000
1994-10-01,19247700.000000000
1994-11-01,19263200.000000000
1994-12-01,19277800.000000000
1995-01-01,19299800.000000000
1995-02-01,19316700.000000000
1995-03-01,19335200.000000000
1995-04-01,19354900.000000000
1995-05-01,19379000.000000000
1995-06-01,19397900.000000000
1995-07-01,19416600.000000000
1995-08-01,19439400.000000000
1995-09-01,19456300.000000000
1995-10-01,19474300.000000000
1995-11-01,19491600.000000000
1995-12-01,19508000.000000000
1996-01-01,19540300.000000000
1996-02-01,19557400.000000000
1996-03-01,19574700.000000000
1996-04-01,19591600.000000000
1996-05-01,19613200.000000000
1996-06-01,19630200.000000000
1996-07-01,19652000.000000000
1996-08-01,19669100.000000000
1996-09-01,19689400.000000000
1996-10-01,19705300.000000000
1996-11-01,19721400.000000000
1996-12-01,19736700.000000000
1997-01-01,19755000.000000000
1997-02-01,19770900.000000000
1997-03-01,19788400.000000000
1997-04-01,19811100.000000000
1997-05-01,19829300.000000000
1997-06-01,19850800.000000000
1997-07-01,19867500.000000000
1997-08-01,19884500.000000000
1997-09-01,19905600.000000000
1997-10-01,19922400.000000000
1997-11-01,19938000.000000000
1997-12-01,19952200.000000000
1998-01-01,19969200.000000000
1998-02-01,19987400.000000000
1998-03-01,20003900.000000000
1998-04-01,20021100.000000000
1998-05-01,20038200.000000000
1998-06-01,20058900.000000000
1998-07-01,20072800.000000000
1998-08-01,20086000.000000000
1998-09-01,20103700.000000000
1998-10-01,20118600.000000000
1998-11-01,20133200.000000000
1998-12-01,20147400.000000000
1999-01-01,20164600.000000000
1999-02-01,20183600.000000000
1999-03-01,20202200.000000000
1999-04-01,20220800.000000000
1999-05-01,20240000.000000000
1999-06-01,20263700.000000000
1999-07-01,20281800.000000000
1999-08-01,20302700.000000000
1999-09-01,20321600.000000000
1999-10-01,20340700.000000000
1999-11-01,20359500.000000000
1999-12-01,20377700.000000000
2000-01-01,20397500.000000000
2000-02-01,20419500.000000000
2000-03-01,20440100.000000000
2000-04-01,20461200.000000000
2000-05-01,20488700.000000000
2000-06-01,20511100.000000000
2000-07-01,20532000.000000000
2000-08-01,20556700.000000000
2000-09-01,20578300.000000000
2000-10-01,20600100.000000000
2000-11-01,20621600.000000000
2000-12-01,20642600.000000000
2001-01-01,20659700.000000000
2001-02-01,20681000.000000000
2001-03-01,20704700.000000000
2001-04-01,20735700.000000000
2001-05-01,20761000.000000000
2001-06-01,20786800.000000000
2001-07-01,20815400.000000000
2001-08-01,20838000.000000000
2001-09-01,20859700.000000000
2001-10-01,20880700.000000000
2001-11-01,20901300.000000000
2001-12-01,20920500.000000000
2002-01-01,20947300.000000000
2002-02-01,20969000.000000000
2002-03-01,20993400.000000000
2002-04-01,21024400.000000000
2002-05-01,21049500.000000000
2002-06-01,21074800.000000000
2002-07-01,21101700.000000000
2002-08-01,21118700.000000000
2002-09-01,21138300.000000000
2002-10-01,21154600.000000000
2002-11-01,21170900.000000000
2002-12-01,21186000.000000000
2003-01-01,21203400.000000000
2003-02-01,21219900.000000000
2003-03-01,21239700.000000000
2003-04-01,21264200.000000000
2003-05-01,21283800.000000000
2003-06-01,21309800.000000000
2003-07-01,21330000.000000000
2003-08-01,21349000.000000000
2003-09-01,21373100.000000000
2003-10-01,21392400.000000000
2003-11-01,21410900.000000000
2003-12-01,21427800.000000000
2004-01-01,21447000.000000000
2004-02-01,21468000.000000000
2004-03-01,21488900.000000000
2004-04-01,21510500.000000000
2004-05-01,21533000.000000000
2004-06-01,21561400.000000000
2004-07-01,21583400.000000000
2004-08-01,21609500.000000000
2004-09-01,21629800.000000000
2004-10-01,21649600.000000000
2004-11-01,21667500.000000000
2004-12-01,21684700.000000000
2005-01-01,21704400.000000000
2005-02-01,21727400.000000000
2005-03-01,21749800.000000000
2005-04-01,21772400.000000000
2005-05-01,21802000.000000000
2005-06-01,21827200.000000000
2005-07-01,21851800.000000000
2005-08-01,21879600.000000000
2005-09-01,21900500.000000000
2005-10-01,21919700.000000000
2005-11-01,21938700.000000000
2005-12-01,21955600.000000000
2006-01-01,21977200.000000000
2006-02-01,21994200.000000000
2006-03-01,22013800.000000000
2006-04-01,22034300.000000000
2006-05-01,22060800.000000000
2006-06-01,22083000.000000000
2006-07-01,22105300.000000000
2006-08-01,22132100.000000000
2006-09-01,22152200.000000000
2006-10-01,22171400.000000000
2006-11-01,22189800.000000000
2006-12-01,22207200.000000000
2007-01-01,22225600.000000000
2007-02-01,22240300.000000000
2007-03-01,22257900.000000000
2007-04-01,22279800.000000000
2007-05-01,22298800.000000000
2007-06-01,22319800.000000000
2007-07-01,22345500.000000000
2007-08-01,22366100.000000000
2007-09-01,22385500.000000000
2007-10-01,22404500.000000000
2007-11-01,22422500.000000000
2007-12-01,22439000.000000000
2008-01-01,22456400.000000000
2008-02-01,22471900.000000000
2008-03-01,22491000.000000000
2008-04-01,22514500.000000000
2008-05-01,22535700.000000000
2008-06-01,22563400.000000000
2008-07-01,22586400.000000000
2008-08-01,22607200.000000000
2008-09-01,22630000.000000000
2008-10-01,22649900.000000000
2008-11-01,22668100.000000000
2008-12-01,22684800.000000000
2009-01-01,22701000.000000000
2009-02-01,22720200.000000000
2009-03-01,22739800.000000000
2009-04-01,22760400.000000000
2009-05-01,22782000.000000000
2009-06-01,22809600.000000000
2009-07-01,22833200.000000000
2009-08-01,22854300.000000000
2009-09-01,22877900.000000000
2009-10-01,22896500.000000000
2009-11-01,22913100.000000000
2009-12-01,22927500.000000000
2010-01-01,22941700.000000000
2010-02-01,22958100.000000000
2010-03-01,22977000.000000000
2010-04-01,22996800.000000000
2010-05-01,23017600.000000000
2010-06-01,23044700.000000000
2010-07-01,23067400.000000000
2010-08-01,23090600.000000000
2010-09-01,23107100.000000000
2010-10-01,23122600.000000000
2010-11-01,23136000.000000000
2010-12-01,23147300.000000000
2011-01-01,23156300.000000000
2011-02-01,23166200.000000000
2011-03-01,23179000.000000000
2011-04-01,23193100.000000000
2011-05-01,23208500.000000000
2011-06-01,23217700.000000000
2011-07-01,23229700.000000000
2011-08-01,23244800.000000000
2011-09-01,23255500.000000000
2011-10-01,23265700.000000000
2011-11-01,23275400.000000000
2011-12-01,23284900.000000000
2012-01-01,23292500.000000000
2012-02-01,23300400.000000000
2012-03-01,23311500.000000000
2012-04-01,23326900.000000000
2012-05-01,23340100.000000000
2012-06-01,23355400.000000000
2012-07-01,23372400.000000000
2012-08-01,23381400.000000000
2012-09-01,23389800.000000000
2012-10-01,23399400.000000000
2012-11-01,23408800.000000000
2012-12-01,23416900.000000000
2013-01-01,23423300.000000000
2013-02-01,23428200.000000000
2013-03-01,23438500.000000000
2013-04-01,23453500.000000000
2013-05-01,23466200.000000000
2013-06-01,23479700.000000000
2013-07-01,23494500.000000000
2013-08-01,23502700.000000000
2013-09-01,23512200.000000000
2013-10-01,23520200.000000000
2013-11-01,23526900.000000000
2013-12-01,23532700.000000000
2014-01-01,23536500.000000000
2014-02-01,23541300.000000000
2014-03-01,23552300.000000000
2014-04-01,23566400.000000000
2014-05-01,23579000.000000000
2014-06-01,23594600.000000000
2014-07-01,23604800.000000000
2014-08-01,23609700.000000000
2014-09-01,23612600.000000000
2014-10-01,23613800.000000000
2014-11-01,23615600.000000000
2014-12-01,23617700.000000000
2015-01-01,23614100.000000000
2015-02-01,23612600.000000000
2015-03-01,23616300.000000000
2015-04-01,23622000.000000000
2015-05-01,23628500.000000000
2015-06-01,23638800.000000000
2015-07-01,23648800.000000000
2015-08-01,23658100.000000000
2015-09-01,23668700.000000000
2015-10-01,23676600.000000000
2015-11-01,23683000.000000000
2015-12-01,23689300.000000000
2016-01-01,23697700.000000000
2016-02-01,23711100.000000000
2016-03-01,23723200.000000000
2016-04-01,23734200.000000000
2016-05-01,23750400.000000000
2016-06-01,23766000.000000000
2016-07-01,23783100.000000000
2016-08-01,23797300.000000000
2016-09-01,23809300.000000000
2016-10-01,23820100.000000000
2016-11-01,23829900.000000000
2016-12-01,23838900.000000000
2017-01-01,23851300.000000000
2017-02-01,23864100.000000000
2017-03-01,23881100.000000000
2017-04-01,23897800.000000000
2017-05-01,23918500.000000000
2017-06-01,23936300.000000000
2017-07-01,23955600.000000000
2017-08-01,23978200.000000000
2017-09-01,23995100.000000000
2017-10-01,24011500.000000000
2017-11-01,24027200.000000000
2017-12-01,24043500.000000000
2018-01-01,24066300.000000000
2018-02-01,24083700.000000000
2018-03-01,24106400.000000000
2018-04-01,24134600.000000000
2018-05-01,24157400.000000000
2018-06-01,24181400.000000000
2018-07-01,24206000.000000000
2018-08-01,24218600.000000000
2018-09-01,24231500.000000000
2018-10-01,24245000.000000000
2018-11-01,24256400.000000000
2018-12-01,24266100.000000000
2019-01-01,24275900.000000000
2019-02-01,24283100.000000000
2019-03-01,24295300.000000000
2019-04-01,24313200.000000000
2019-05-01,24330300.000000000
2019-06-01,24349900.000000000
2019-07-01,24381700.000000000
2019-08-01,24406200.000000000
2019-09-01,24434100.000000000
2019-10-01,24459200.000000000
2019-11-01,24481300.000000000
2019-12-01,24500000.000000000
2020-01-01,24517400.000000000
2020-02-01,24538100.000000000
2020-03-01,24559300.000000000
2020-04-01,24570200.000000000
2020-05-01,24578600.000000000
2020-06-01,24590000.000000000
2020-07-01,24600100.000000000
2020-08-01,24605900.000000000
2020-09-01,24610400.000000000
2020-10-01,24609600.000000000
2020-11-01,24605800.000000000
2020-12-01,24597800.000000000
2021-01-01,24589500.000000000
2021-02-01,24587500.000000000
2021-03-01,24583300.000000000
2021-04-01,24578200.000000000
2021-05-01,24572300.000000000
2021-06-01,24574000.000000000
2021-07-01,24584100.000000000
2021-08-01,24597700.000000000
2021-09-01,24610600.000000000
2021-10-01,24630500.000000000
2021-11-01,24654400.000000000
2021-12-01,24678600.000000000
2022-01-01,24697800.000000000
2022-02-01,24718200.000000000
2022-03-01,24740700.000000000
2022-04-01,24762500.000000000
2022-05-01,24788300.000000000
2022-06-01,24816500.000000000
2022-07-01,24847400.000000000
2022-08-01,24880000.000000000
2022-09-01,24913100.000000000
2022-10-01,24949800.000000000
2022-11-01,24984300.000000000
2022-12-01,25019100.000000000
2023-01-01,25069200.000000000
2023-02-01,25132600.000000000
2023-03-01,25197200.000000000
2023-04-01,25254300.000000000
2023-05-01,25320800.000000000
2023-06-01,25391700.000000000
2023-07-01,25462300.000000000
2023-08-01,25533300.000000000
2023-09-01,25600100.000000000
2023-10-01,25671100.000000000
2023-11-01,25742200.000000000
2023-12-01,25814700.000000000
2024-01-01,25897800.000000000
2024-02-01,25976700.000000000
2024-03-01,26053600.000000000
2024-04-01,26138000.000000000
2024-05-01,26224300.000000000
2024-06-01,26306900.000000000
2024-07-01,26391700.000000000
2024-08-01,26465300.000000000
2024-09-01,26532400.000000000
2024-10-01,26585400.000000000
2024-11-01,26626800.000000000
2024-12-01,26667700.000000000
2025-01-01,26701700.000000000
2025-02-01,26731800.000000000
2025-03-01,26764000.000000000
2025-04-01,26791800.000000000
2025-05-01,26808100.000000000
2025-06-01,26829400.000000000
2025-07-01,26845800.000000000
2025-08-01,26853800.000000000
2025-09-01,26853300.000000000
2025-10-01,26854800.000000000
2025-11-01,26851300.000000000
2025-12-01,26840900.000000000
2026-01-01,26822300.000000000
